time,h2_top,h1_bot
0,26.53,21.17
0.01,36.29,29.5
0.02,45.89,37.45
0.03,50.56,45.01
0.04,60.25,52.32
0.05,67.33,56.83
0.06,72.4,62.43
0.07,80.63,69.18
0.08,86.24,75.2
0.09,92.87,81.56
0.1,98.88,83.94
0.11,104.16,90.76
0.12,110.38,99.14
0.13,117.37,100.58
0.14,123.91,108.47
0.15,129.06,114.54
0.16,137.57,119.63
0.17,144.43,123.75
0.18,149.52,129.85
0.19,155.95,135.91
0.2,161.22,142.56
0.21,170.3,146.93
0.22,177.33,152.33
0.23,185.63,158.56
0.24,190.44,168.18
0.25,200.14,170.08
0.26,206.97,176.52
0.27,213.41,182.43
0.28,223.82,188.94
0.29,231.7,197.43
0.3,237.68,202.24
0.31,246.7,210.25
0.32,257.84,215.56
0.33,264.03,222.14
0.34,274.19,230.71
0.35,282.62,235.95
0.36,291.29,242.41
0.37,300.36,250.2
0.38,310.33,256.77
0.39,319.25,265.72
0.4,331.01,270.68
0.41,340.34,277.46
0.42,349.59,285.99
0.43,359.35,292.74
0.44,370.85,304.39
0.45,381.48,306.87
0.46,394.47,317.61
0.47,406.63,324.78
0.48,417.93,331.33
0.49,427.26,340.88
0.5,440.75,347.05
0.51,453.48,356.81
0.52,468.13,365.51
0.53,481.32,373.99
0.54,494.04,380.6
0.55,507.05,390.66
0.56,520.01,399.94
0.57,534.43,408.24
0.58,550.43,417.71
0.59,566.02,425.4
0.6,581.67,433.42
0.61,597.3,444.21
0.62,614,454.58
0.63,631.65,462.81
0.64,647.06,471.69
0.65,664.94,482.35
0.66,681.7,492.45
0.67,702.07,501.7
0.68,719.81,511.77
0.69,740.79,522.82
0.7,757.7,533.06
0.71,781.65,542.95
0.72,802.03,553.76
0.73,823.52,563.68
0.74,843.76,574.36
0.75,868.49,584.58
0.76,892.37,595.65
0.77,915.47,609.14
0.78,942.11,619.23
0.79,966.27,628.83
0.8,992.88,640.45
0.81,1020.4,653.37
0.82,1046.15,665.08
0.83,1076.62,677.03
0.84,1105.15,690.46
0.85,1136.42,700.5
0.86,1169.36,712.55
0.87,1198.27,725.55
0.88,1232.72,737.1
0.89,1265.96,750.94
0.9,1303.42,763.62
0.91,1340.32,776.03
0.92,1376.09,789.52
0.93,1415.38,800.81
0.94,1456.65,816.08
0.95,1498.52,830.47
0.96,1542.05,842.34
0.97,1584.99,856.14
0.98,1630.53,869.29
0.99,1678.63,884.67
1,1728.42,899.31
1.01,1779.38,913.11
1.02,1831.92,927.76
1.03,1884.72,942.89
1.04,1938.63,955.76
1.05,1994.84,971.63
1.06,2049.64,987.64
1.07,2109.68,1001.87
1.08,2170.33,1018.62
1.09,2228.99,1032.09
1.1,2290.11,1047.42
1.11,2352.24,1063.9
1.12,2418.06,1079.62
1.13,2481.64,1098.24
1.14,2546.11,1111.54
1.15,2614.23,1129.3
1.16,2679.61,1144.75
1.17,2748.91,1163.28
1.18,2816.84,1177.49
1.19,2889.71,1197.04
1.2,2960.32,1215.24
1.21,3032.21,1232.24
1.22,3104.24,1248.29
1.23,3179.91,1268.12
1.24,3256.57,1285.87
1.25,3331.3,1304.79
1.26,3407.48,1320.74
1.27,3484.14,1339.16
1.28,3562.57,1358.75
1.29,3648.56,1377.22
1.3,3727.87,1394.54
1.31,3809.34,1414.87
1.32,3891.46,1434.61
1.33,3977.57,1454.03
1.34,4063.1,1474.15
1.35,4152.4,1491.83
1.36,4241.82,1512.5
1.37,4329.12,1530.03
1.38,4419.89,1550.74
1.39,4508.28,1573.11
1.4,4607.36,1591.62
1.41,4703.26,1613.66
1.42,4797.35,1633.7
1.43,4891.06,1655.38
1.44,4986.42,1675.34
1.45,5088.83,1695.71
1.46,5192.54,1718.22
1.47,5297.03,1738.52
1.48,5400.59,1758.94
1.49,5499.98,1783.24
1.5,5604.21,1804.91
1.51,5713.41,1826.32
1.52,5823.88,1848.13
1.53,5936.73,1872.44
1.54,6046.16,1894.21
1.55,6155.16,1917.7
1.56,6266.79,1938.46
1.57,6385.92,1962.28
1.58,6501.63,1986.99
1.59,6618.99,2010.35
1.6,6738,2032.56
1.61,6859.16,2059.1
1.62,6977.28,2080.2
1.63,7100.44,2104.95
1.64,7228.08,2128.69
1.65,7354.3,2154.78
1.66,7479.78,2177.77
1.67,7605.5,2203.78
1.68,7736.9,2228.8
1.69,7868.49,2254.3
1.7,8002.67,2280.59
1.71,8135.09,2304.7
1.72,8269.12,2330.64
1.73,8405.61,2356.2
1.74,8542.32,2383.92
1.75,8682.76,2410.2
1.76,8823.82,2437.19
1.77,8966.54,2463.55
1.78,9111.26,2490.96
1.79,9252.53,2519.77
1.8,9396.76,2547.02
1.81,9540.66,2574.16
1.82,9690.22,2603.32
1.83,9843.85,2631.36
1.84,9995.8,2660.69
1.85,10151,2687.23
1.86,10303.74,2716.2
1.87,10457.03,2746.02
1.88,10609.37,2773.8
1.89,10767.48,2805.77
1.9,10927.95,2834.71
1.91,11092.97,2868.88
1.92,11254.53,2898.59
1.93,11422.74,2927.57
1.94,11584.1,2960.82
1.95,11745.07,2989.42
1.96,11911.76,3022.02
1.97,12076.97,3052.49
1.98,12249.17,3084.84
1.99,12425.28,3115.59
2,12599.68,3148.89
2.01,12781,3180.94
2.02,12952.89,3215.98
2.03,13129.44,3248.51
2.04,13299.14,3283.88
2.05,13477.76,3318.96
2.06,13659.23,3354.16
2.07,13844.42,3386.25
2.08,14030.86,3420.23
2.09,14219.44,3456.12
2.1,14410.16,3490.47
2.11,14595.13,3526.73
2.12,14778.13,3562.33
2.13,14967.46,3599.78
2.14,15157.2,3634.75
2.15,15346.75,3672.21
2.16,15546.84,3710.55
2.17,15746.06,3745.77
2.18,15949.22,3787.43
2.19,16152.09,3823.3
2.2,16351.38,3862.84
2.21,16547.67,3898.31
2.22,16746.75,3937.08
2.23,16949.03,3977.79
2.24,17152.4,4017.54
2.25,17360.87,4058.04
2.26,17573.91,4097.45
2.27,17788.73,4138.8
2.28,18007.27,4181.72
2.29,18221.21,4224.2
2.3,18432.24,4264.42
2.31,18642.78,4305.73
2.32,18857.55,4348.26
2.33,19075.45,4391.48
2.34,19291.16,4433.69
2.35,19513.68,4477.56
2.36,19738.06,4522.39
2.37,19967.04,4566.53
2.38,20201.41,4611.49
2.39,20432.62,4654.78
2.4,20659.58,4702.29
2.41,20886.1,4743.67
2.42,21111.81,4792.65
2.43,21345.19,4838.98
2.44,21575.04,4885.33
2.45,21811.37,4931.09
2.46,22048.19,4979.04
2.47,22291.05,5026.45
2.48,22540.17,5076.7
2.49,22784.06,5123.17
2.5,23030.12,5172.52
2.51,23272.18,5222.76
2.52,23512.27,5273.1
2.53,23756.72,5321.33
2.54,24006.23,5373.07
2.55,24252.19,5422.77
2.56,24501.12,5472.79
2.57,24757.49,5526.54
2.58,25017.96,5576.09
2.59,25278.58,5629.47
2.6,25546.87,5681.42
2.61,25805,5738.14
2.62,26065.07,5786.78
2.63,26321.43,5842.99
2.64,26581.58,5896.29
2.65,26846.87,5952.01
2.66,27110.68,6008.03
2.67,27375.3,6062.74
2.68,27645.48,6118.24
2.69,27918.15,6173.19
2.7,28195.03,6229.84
2.71,28481.44,6286.7
2.72,28760.04,6344.47
2.73,29040.44,6403.4
2.74,29315.87,6461.07
2.75,29590.24,6520.22
2.76,29871.45,6580.06
2.77,30153.09,6640
2.78,30435.68,6700
2.79,30718.85,6758.27
2.8,31003.88,6819.44
2.81,31295.81,6878.51
2.82,31590.03,6941.23
2.83,31893.06,7002.63
2.84,32189.15,7065.36
2.85,32486.88,7130.5
2.86,32781.17,7194.19
2.87,33076.55,7255.29
2.88,33372.48,7319.96
2.89,33674.3,7386.99
2.9,33976.97,7449.69
2.91,34278.3,7514.66
2.92,34580.74,7582.25
2.93,34889.32,7648.66
2.94,35202.27,7712.93
2.95,35514.9,7779.54
2.96,35842.59,7846.95
2.97,36160.75,7913.89
2.98,36477.14,7984.75
2.99,36791.09,8051.81
3,37105.34,8122.63
3.01,37423.38,8193.41
3.02,37741.39,8263.27
3.03,38065.05,8332.69
3.04,38390.2,8404.33
3.05,38711.74,8474.42
3.06,39037.12,8545.26
3.07,39367.29,8617.79
3.08,39699.76,8690.89
3.09,40044.1,8764.17
3.1,40388.34,8837.39
3.11,40727.81,8910.15
3.12,41066.09,8984.81
3.13,41400.99,9061.01
3.14,41738.12,9134.25
3.15,42075.48,9211.06
3.16,42417.48,9285.57
3.17,42759.41,9363.64
3.18,43106.88,9441.07
3.19,43451.54,9518.73
3.2,43796.78,9594.81
3.21,44148.04,9674.91
3.22,44500.49,9752.44
3.23,44865.06,9831.42
3.24,45232.72,9910.13
3.25,45599.38,9989.06
3.26,45960.76,10072.36
3.27,46318.12,10153.56
3.28,46679.98,10233.38
3.29,47041.46,10312.86
3.3,47399.76,10398.6
3.31,47767.64,10480.86
3.32,48136.99,10564.23
3.33,48507.2,10646.07
3.34,48874.73,10729.66
3.35,49242.48,10815.09
3.36,49611.61,10896.9
3.37,49984.45,10982.68
3.38,50371.43,11067.53
3.39,50762.2,11156.04
3.4,51151.01,11242.52
3.41,51537.4,11332.27
3.42,51922.25,11418.42
3.43,52307.64,11504.61
3.44,52695.5,11592.02
3.45,53077.43,11682.24
3.46,53468.25,11771.83
3.47,53863.21,11860.44
3.48,54257.93,11952.46
3.49,54653.47,12040.45
3.5,55050.34,12132.58
3.51,55438.96,12224.93
3.52,55837.56,12314.51
3.53,56232.82,12406.68
3.54,56646.83,12500.66
3.55,57057.12,12592.1
3.56,57472.75,12687.1
3.57,57882.74,12781.63
3.58,58292.77,12875.81
3.59,58703.28,12970.32
3.6,59117.13,13065.58
3.61,59525.71,13161.75
3.62,59936.68,13257.08
3.63,60360.89,13353.1
3.64,60783.68,13451.49
3.65,61203.52,13547.36
3.66,61622.77,13645.78
3.67,62042.43,13744.6
3.68,62458.43,13841.69
3.69,62875.64,13940.96
3.7,63304.88,14039.36
3.71,63742.37,14140.14
3.72,64176.06,14242.95
3.73,64610.41,14343.99
3.74,65048.73,14443.6
3.75,65483.03,14545.76
3.76,65922.8,14648.13
3.77,66362.2,14752.32
3.78,66796.81,14852.8
3.79,67234.86,14956.25
3.8,67684.71,15060.41
3.81,68134.3,15164.52
3.82,68585.76,15271.05
3.83,69036.17,15376.06
3.84,69481.48,15479.19
3.85,69923.76,15587.89
3.86,70364.59,15694.92
3.87,70808.82,15800.74
3.88,71275.59,15909.77
3.89,71735.38,16018.59
3.9,72191.27,16125.97
3.91,72647.27,16235.06
3.92,73105.9,16342.82
3.93,73567.77,16455.84
3.94,74034.29,16563.81
3.95,74500.63,16673.48
3.96,74965.12,16784.08
3.97,75426.3,16893.89
3.98,75902.13,17007.94
3.99,76384.18,17119.8
4,76866.62,17232.4
4.01,77346.97,17344.17
4.02,77819.8,17461.34
4.03,78292.61,17572.61
4.04,78764.8,17686.79
4.05,79229.43,17802.24
4.06,79711.98,17920.09
4.07,80203.03,18034.83
4.08,80689.93,18148.02
4.09,81174.16,18265.34
4.1,81653.55,18384.82
4.11,82135.39,18500.9
4.12,82621.48,18618.51
4.13,83112.47,18735.71
4.14,83601.16,18854.76
4.15,84091.58,18973.14
4.16,84581.45,19094.24
4.17,85076.02,19213.23
4.18,85588.69,19332.65
4.19,86097.18,19454.11
4.2,86606.96,19577.82
4.21,87112.43,19695.94
4.22,87618.48,19819.52
4.23,88119.28,19940.77
4.24,88613.85,20068.14
4.25,89110.53,20192.89
4.26,89628.89,20315.52
4.27,90145.8,20437.56
4.28,90660.05,20562.06
4.29,91173.42,20688.11
4.3,91683.57,20813.87
4.31,92196.93,20940.28
4.32,92712.91,21066.78
4.33,93226.19,21192.09
4.34,93739.16,21320.23
4.35,94252.07,21447
4.36,94763.25,21576.04
4.37,95278.06,21703.48
4.38,95799.21,21831.24
4.39,96335.26,21960.88
4.4,96869.93,22092.07
4.41,97404.95,22222.11
4.42,97936.86,22350.46
4.43,98466.33,22486.17
4.44,98995.33,22619.64
4.45,99521.68,22749.1
4.46,100046.79,22882.49
4.47,100602.73,23011.1
4.48,101140.5,23148.36
4.49,101682.28,23281.98
4.5,102227.9,23415.8
4.51,102771.1,23547.3
4.52,103316.44,23683.06
4.53,103863.88,23819.75
4.54,104412.08,23955.48
4.55,104953.92,24091.84
4.56,105494.45,24228.02
4.57,106035.32,24365.16
4.58,106578.1,24501.52
4.59,107124.55,24640.69
4.6,107669.23,24778.23
4.61,108223.87,24916.48
4.62,108785.62,25057.61
4.63,109338.38,25196.29
4.64,109891.78,25338.67
4.65,110440.31,25480.35
4.66,110992.48,25618.94
4.67,111539.22,25762.01
4.68,112087.3,25901.64
4.69,112657.12,26046.72
4.7,113226.23,26190.64
4.71,113787.54,26331.98
4.72,114345.73,26474.35
4.73,114907.65,26616.39
4.74,115479.4,26761.81
4.75,116052.8,26907.09
4.76,116630.11,27052.02
4.77,117202.33,27197.52
4.78,117774.05,27341.88
4.79,118345.68,27486.27
4.8,118919.19,27638.2
4.81,119491.04,27784.23
4.82,120059.52,27931.89
4.83,120625.79,28077.84
4.84,121190.45,28227.69
4.85,121773.56,28381.61
4.86,122358.93,28532.26
4.87,122940.92,28679.79
4.88,123521.11,28829.83
4.89,124101.52,28978.32
4.9,124679.33,29132.76
4.91,125254.09,29284.38
4.92,125828.26,29434.97
4.93,126429.62,29587.62
4.94,127025.28,29739.81
4.95,127615.59,29892.51
4.96,128203.86,30046.24
4.97,128790.41,30200.95
4.98,129377.16,30357.04
4.99,129974.1,30510.45
5,130575.2,30665.69
5.01,131172.73,30819.04
5.02,131773.08,30977.05
5.03,132373.95,31134.3
5.04,132977.08,31291.81
5.05,133574.59,31449.39
5.06,134169.33,31605.23
5.07,134763.38,31770.32
5.08,135351.12,31928.01
5.09,135940.22,32087.65
5.1,136524.61,32247.69
5.11,137125.17,32406.06
5.12,137726.44,32566.16
5.13,138326.59,32726.99
5.14,138927.19,32888.88
5.15,139528.94,33053.5
5.16,140131.78,33215.16
5.17,140733.69,33375.9
5.18,141334.94,33539.98
5.19,141974.58,33701.57
5.2,142592.7,33867.87
5.21,143212.02,34031.82
5.22,143825.56,34195.74
5.23,144439.27,34360.88
5.24,145054.89,34522.96
5.25,145674.92,34691.33
5.26,146287,34859.15
5.27,146898.86,35024.53
5.28,147516.98,35191.96
5.29,148142.2,35358.99
5.3,148766.81,35526.7
5.31,149389.39,35703.8
5.32,150008.67,35872.8
5.33,150624.12,36039.25
5.34,151239.09,36210.86
5.35,151851.66,36377.64
5.36,152460.5,36551.79
5.37,153068.69,36723.92
5.38,153672.88,36894.85
5.39,154290.2,37067.78
5.4,154914.41,37237.48
5.41,155539.28,37408.93
5.42,156159.92,37584.92
5.43,156780.62,37757.57
5.44,157398.53,37931.74
5.45,158017.16,38105.63
5.46,158637.34,38281.76
5.47,159297.05,38455.84
5.48,159941.48,38631.25
5.49,160581.75,38807.59
5.5,161222.47,38985.78
5.51,161860.3,39162.97
5.52,162508.25,39339.04
5.53,163153.88,39517.05
5.54,163794.89,39697.45
5.55,164437.94,39876.43
5.56,165077.03,40060.73
5.57,165716.2,40241.03
5.58,166346.38,40421.62
5.59,166975.11,40600.64
5.6,167606.77,40781.4
5.61,168235.02,40961.59
5.62,168865.94,41145.09
5.63,169496.25,41327.19
5.64,170122.62,41511.24
5.65,170747.72,41694.71
5.66,171372.34,41873.32
5.67,171995.7,42058.8
5.68,172620.34,42244.73
5.69,173241.41,42428.02
5.7,173875.23,42615.16
5.71,174520.08,42801.79
5.72,175167.52,42987.44
5.73,175811.47,43172.71
5.74,176453.69,43360.11
5.75,177096.84,43545.82
5.76,177737.03,43735.53
5.77,178411.56,43926.24
5.78,179076.75,44111.45
5.79,179736.72,44302.79
5.8,180393.39,44491.17
5.81,181048.95,44678.61
5.82,181713.27,44875.64
5.83,182372.62,45070.08
5.84,183036.94,45262.26
5.85,183695.91,45452.47
5.86,184356.55,45642.43
5.87,185007.78,45834.01
5.88,185660.23,46028.62
5.89,186305.95,46224.79
5.9,186951.28,46414.91
5.91,187590.84,46613.1
5.92,188229.58,46807.7
5.93,188865.56,47000.8
5.94,189501.81,47195.23
5.95,190135.22,47392.7
5.96,190772.5,47590.85
5.97,191414.91,47787.84
5.98,192056.62,47984.35
5.99,192699.98,48183.11
6,193342.59,48380.86
6.01,193983.88,48575.71
6.02,194624.58,48773.58
6.03,195265.19,48974.82
6.04,195906.53,49177.86
6.05,196564.62,49377.11
6.06,197224.27,49577.31
6.07,197883.67,49779.06
6.08,198542,49979.24
6.09,199199.53,50182
6.1,199871.25,50392.81
6.11,200560.42,50597.58
6.12,201238.3,50800.51
6.13,201910.12,51004.32
6.14,202593.78,51206.55
6.15,203280.3,51409.38
6.16,203960.33,51613.96
6.17,204635.03,51824.31
6.18,205303,52030.35
6.19,205966.95,52236.43
6.2,206628.61,52442.11
6.21,207286.11,52647.69
6.22,207939.45,52857.27
6.23,208592.92,53064.95
6.24,209242.67,53272.34
6.25,209889.58,53482.61
6.26,210533.95,53691.93
6.27,211182.22,53902.39
6.28,211827.81,54111.71
6.29,212475.81,54323.47
6.3,213125.73,54534.2
6.31,213769.67,54742.41
6.32,214415.72,54956.71
6.33,215059.44,55171.17
6.34,215704.72,55382.84
6.35,216346.27,55597.12
6.36,216989.11,55810.81
6.37,217640.52,56022.33
6.38,218292.66,56234.43
6.39,218944.86,56460.16
6.4,219598.02,56678.7
6.41,220253.33,56893.21
6.42,220907.17,57112.83
6.43,221563.36,57328.37
6.44,222237.78,57543.61
6.45,222913.31,57758.53
6.46,223584.66,57980.48
6.47,224277.09,58200.58
6.48,224980.59,58421.24
6.49,225681.38,58640.58
6.5,226383.36,58858.82
6.51,227075.28,59077.57
6.52,227758.53,59299.3
6.53,228433.89,59520.6
6.54,229108,59739.47
6.55,229779.33,59964.14
6.56,230442.33,60186.26
6.57,231108.42,60411.18
6.58,231765.86,60631.93
6.59,232427.09,60858.32
6.6,233085.25,61079.13
6.61,233739.62,61302.57
6.62,234393.81,61528.14
6.63,235046.41,61754.61
6.64,235698.67,61982.26
6.65,236347.39,62210.55
6.66,236997.92,62435.45
6.67,237646.56,62661
6.68,238292.75,62889.19
6.69,238941.38,63114.28
6.7,239588.42,63354.53
6.71,240236.48,63584.14
6.72,240883.52,63815.87
6.73,241530.11,64044.94
6.74,242178.58,64274.02
6.75,242822.8,64504.39
6.76,243470.81,64731.68
6.77,244116.2,64965.79
6.78,244764.28,65200.24
6.79,245415.34,65435.67
6.8,246068.02,65667.72
6.81,246716.45,65901.71
6.82,247368.14,66132.88
6.83,248018.69,66367.77
6.84,248675.78,66600.92
6.85,249335.86,66836.69
6.86,249997.55,67071.08
6.87,250670.19,67308.59
6.88,251357.27,67545.14
6.89,252093.44,67782.98
6.9,252802.36,68020.45
6.91,253500.3,68259.18
6.92,254187.84,68497.75
6.93,254869.14,68732
6.94,255548,68969.07
6.95,256220.34,69210.59
6.96,256891.55,69454.87
6.97,257560.56,69695.2
6.98,258226.89,69937.91
6.99,258889.61,70175.18
7,259551.67,70416.04
7.01,260210.8,70657.31
7.02,260870.08,70901.94
7.03,261529.8,71151.66
7.04,262181.84,71400.15
7.05,262836.88,71643.48
7.06,263491.38,71887.09
7.07,264144.41,72132.39
7.08,264793.62,72374.23
7.09,265445.19,72617.42
7.1,266093.59,72865.02
7.11,266741.97,73114.09
7.12,267390.44,73364.08
7.13,268034.72,73611.77
7.14,268681.94,73859.39
7.15,269326.5,74105.83
7.16,269974.69,74351.19
7.17,270618.5,74603.72
7.18,271261.06,74851.04
7.19,271904.53,75102.06
7.2,272547.53,75351.61
7.21,273186,75603.09
7.22,273828.25,75855.49
7.23,274471.28,76108.52
7.24,275111.34,76361.14
7.25,275751.41,76613.72
7.26,276390.25,76863.86
7.27,277027.41,77114.19
7.28,277668.66,77367.09
7.29,278307.78,77625.71
7.3,278949.59,77881.59
7.31,279582.41,78137.26
7.32,280223.12,78394.2
7.33,280867.19,78648.52
7.34,281502.78,78903.8
7.35,282147.47,79160.38
7.36,282813.91,79416.29
7.37,283465.47,79683.02
7.38,284125.66,79946.3
7.39,284796.69,80206.88
7.4,285468.25,80467.02
7.41,286140.47,80722.28
7.42,286810.28,80984.49
7.43,287481.31,81242.59
7.44,288147.75,81500.39
7.45,288811,81763.96
7.46,289474.56,82029.83
7.47,290137.75,82292.49
7.48,290800.59,82557.82
7.49,291461.66,82820.61
7.5,292117.84,83085
7.51,292776.41,83345.26
7.52,293432.25,83609.41
7.53,294088.88,83874.36
7.54,294741.56,84139.01
7.55,295395.62,84404.92
7.56,296048.16,84670.04
7.57,296701.16,84937.77
7.58,297352.88,85204.62
7.59,298004.19,85474.24
7.6,298651.72,85740.06
7.61,299300.41,86009.25
7.62,299945.97,86276.73
7.63,300590.81,86541.57
7.64,301236.78,86810.6
7.65,301883,87083.43
7.66,302530.16,87358.5
7.67,303175.28,87627.76
7.68,303818.88,87899.46
7.69,304460.03,88171.61
7.7,305102.09,88442.16
7.71,305740.78,88711.98
7.72,306377.97,88983.32
7.73,307018.38,89261.97
7.74,307657.56,89544.28
7.75,308297.59,89821.77
7.76,308935.47,90097.91
7.77,309572.47,90373.51
7.78,310208.28,90648.36
7.79,310841.25,90923.44
7.8,311471.03,91196.3
7.81,312109.88,91469.88
7.82,312749.97,91752.34
7.83,313380.34,92033.56
7.84,314014.84,92313.48
7.85,314639.62,92593.71
7.86,315264.53,92872.71
7.87,315885.53,93153.53
7.88,316515.91,93429.23
7.89,317172.16,93712.27
7.9,317807.56,93994.26
7.91,318439.66,94273.44
7.92,319068.53,94552.8
7.93,319694.62,94836.02
7.94,320315.19,95118.23
7.95,320938.94,95403.63
7.96,321568.78,95686.66
7.97,322204.16,95970.77
7.98,322835.84,96255.96
7.99,323466.97,96539.45
8,324094.44,96821.22
8.01,324724.34,97107.45
8.02,325347.72,97390.34
8.03,325975.69,97679.7
8.04,326603.38,97971.55
8.05,327235.5,98259.96
8.06,327867.03,98547.34
8.07,328499.38,98834.83
8.08,329126.56,99122.63
8.09,329752.97,99411.06
8.1,330379.22,99698.47
8.11,331003.75,99985.62
8.12,331627,100284.88
8.13,332253.06,100584.57
8.14,332883.5,100877.27
8.15,333511.31,101170.85
8.16,334138.25,101462.72
8.17,334765,101754.1
8.18,335388.28,102047.23
8.19,336016.16,102335.47
8.2,336638.16,102629.9
8.21,337259.75,102925.1
8.22,337881.22,103224.49
8.23,338501.91,103521.84
8.24,339122.16,103818.12
8.25,339745.69,104114.28
8.26,340370.62,104409.88
8.27,340995.84,104707.97
8.28,341618.31,105004.15
8.29,342237.88,105301.07
8.3,342856.56,105600.28
8.31,343474.75,105898.36
8.32,344089.5,106195.89
8.33,344703.06,106494.74
8.34,345315.94,106794.59
8.35,345927.38,107096.74
8.36,346538.31,107394.73
8.37,347154.56,107699.55
8.38,347777.62,107999.8
8.39,348396.53,108301.06
8.4,349012.66,108600.92
8.41,349626.28,108901.11
8.42,350239.62,109205.16
8.43,350847.75,109509.74
8.44,351452.38,109816.35
8.45,352058.69,110126.73
8.46,352659.91,110430.42
8.47,353265.28,110734.19
8.48,353865.97,111039.97
8.49,354465.22,111345.28
8.5,355068,111650.01
8.51,355703.34,111953.22
8.52,356320.5,112260.52
8.53,356930.62,112582.57
8.54,357541.66,112896.38
8.55,358150.53,113208.05
8.56,358753.66,113517.23
8.57,359356.88,113828.77
8.58,359956.31,114136.32
8.59,360555.69,114445.86
8.6,361153.47,114755.17
8.61,361752,115063.13
8.62,362347.03,115376.81
8.63,362944.34,115692.7
8.64,363536.03,116007.71
8.65,364128.31,116320.82
8.66,364737.28,116636.86
8.67,365345.09,116950.22
8.68,365955.5,117262.67
8.69,366561.97,117576.41
8.7,367164.38,117892.43
8.71,367771.22,118211.22
8.72,368370.66,118527.39
8.73,368969.97,118842.27
8.74,369569.41,119156.7
8.75,370167.09,119473.11
8.76,370764.38,119791.62
8.77,371355.19,120112.07
8.78,371948.22,120431.59
8.79,372539.22,120748.58
8.8,373130.84,121068.84
8.81,373718.34,121387.66
8.82,374305.97,121705.79
8.83,374895.88,122024.76
8.84,375491.97,122342.52
8.85,376092.69,122661.93
8.86,376689.91,122987.29
8.87,377289.81,123314.66
8.88,377883.34,123639.78
8.89,378480.31,123963.6
8.9,379072.28,124288.92
8.91,379665.28,124611.12
8.92,380255.69,124933.45
8.93,380843.66,125253.75
8.94,381432.12,125576.26
8.95,382018.47,125899.8
8.96,382600.88,126238.42
8.97,383185.06,126572.11
8.98,383768.09,126903.03
8.99,384346.62,127233.81
9,384928.75,127560.95
9.01,385507.88,127886.75
9.02,386087,128215.8
9.03,386678.09,128541.09
9.04,387264.09,128868.32
9.05,387845.72,129200.77
9.06,388428.28,129532.34
9.07,389013.94,129866.42
9.08,389596.91,130195.77
9.09,390179.88,130528.88
9.1,390761.72,130863.38
9.11,391341.88,131195.31
9.12,391920.94,131527.47
9.13,392498.97,131858.95
9.14,393071.75,132193.16
9.15,393649.81,132530.45
9.16,394223.47,132863.84
9.17,394794.72,133198
9.18,395363.06,133533.39
9.19,395933.88,133865.53
9.2,396502.75,134203.05
9.21,397071.19,134538.2
9.22,397638.41,134874.91
9.23,398202.41,135215.05
9.24,398799.78,135551.66
9.25,399384.47,135888.12
9.26,399960.78,136227.86
9.27,400535.09,136561.25
9.28,401108.91,136899.81
9.29,401683.97,137237.94
9.3,402255.38,137574.55
9.31,402824.88,137914.55
9.32,403394.78,138261.7
9.33,403964.41,138604.67
9.34,404529.72,138946.53
9.35,405094.69,139290.62
9.36,405657.12,139632.27
9.37,406222.16,139974.73
9.38,406782.53,140312.77
9.39,407346.06,140656.81
9.4,407906.66,140994.83
9.41,408466.88,141336.53
9.42,409025.25,141699.28
9.43,409582.91,142049.42
9.44,410141.19,142397.25
9.45,410697.75,142746.72
9.46,411251.84,143095.39
9.47,411809.31,143441.31
9.48,412365.34,143789.72
9.49,412919.44,144134.06
9.5,413482.06,144479.12
9.51,414050.22,144827.41
9.52,414620.75,145182.09
9.53,415190.62,145531.97
9.54,415756.12,145882.56
9.55,416318.84,146233.75
9.56,416885,146582.69
9.57,417445.44,146933.17
9.58,418005.41,147286.8
9.59,418563.88,147637.27
9.6,419120.91,147990.27
9.61,419674.81,148342.61
9.62,420230.66,148696.95
9.63,420784,149051.12
9.64,421334.25,149405.06
9.65,421883.75,149754.66
9.66,422436.09,150108.56
9.67,422982.62,150460.2
9.68,423530.19,150816.09
9.69,424078.12,151173.23
9.7,424624.69,151528.81
9.71,425171.44,151888.17
9.72,425714.09,152242.97
9.73,426261.66,152600.84
9.74,426803.22,152955.91
9.75,427345.62,153311.73
9.76,427886.97,153666.81
9.77,428426.31,154023.72
9.78,428965.47,154377.12
9.79,429513.72,154735.59
9.8,430062.59,155101.66
9.81,430608.38,155465.22
9.82,431151.75,155827
9.83,431696.81,156190.16
9.84,432242.81,156551.38
9.85,432790.19,156912.55
9.86,433336.34,157272.47
9.87,433880.94,157631.56
9.88,434423.47,157992
9.89,434966.59,158350.08
9.9,435507.84,158720.81
9.91,436049.44,159094.14
9.92,436590.81,159464.33
9.93,437126.53,159831.05
9.94,437663.94,160197.36
9.95,438197.72,160564.98
9.96,438733.97,160932.12
9.97,439268.03,161294.06
9.98,439802.91,161661.78
9.99,440337.22,162024.88
10,440873,162393.77
10.01,441407.53,162767.2
10.02,441942.41,163140.86
10.03,442471.66,163508.94
10.04,443002.34,163878.31
10.05,443530.62,164245.94
10.06,444059.09,164615.36
10.07,444586.88,164985.27
10.08,445110.91,165354.88
10.09,445636.5,165725.47
10.1,446160.88,166099.14
10.11,446685.78,166472.72
10.12,447233.12,166842.66
10.13,447775.38,167217.27
10.14,448310.66,167590.22
10.15,448844.25,167960.17
10.16,449375.06,168331.2
10.17,449901.31,168703.81
10.18,450429,169073.06
10.19,450955.31,169450.77
10.2,451480.84,169825.7
10.21,452004.31,170203.3
10.22,452527.22,170577.91
10.23,453050.12,170957.67
10.24,453568.09,171330.09
10.25,454090.38,171703.16
10.26,454606.19,172078.77
10.27,455122.94,172451.75
10.28,455639.78,172826.86
10.29,456158.66,173199.73
10.3,456675.84,173574.7
10.31,457198.44,173957.34
10.32,457722.12,174340.75
10.33,458243.56,174723.77
10.34,458762.47,175105.09
10.35,459282.03,175485.11
10.36,459798.28,175867.91
10.37,460313.88,176248.42
10.38,460829.47,176624.47
10.39,461342.88,177004.86
10.4,461852.19,177382.81
10.41,462363.78,177763.06
10.42,462874.25,178154.56
10.43,463386.72,178548.22
10.44,463895.91,178933.44
10.45,464404.88,179318.86
10.46,464915.69,179705.98
10.47,465425.47,180091.34
10.48,465932.31,180474.83
10.49,466439.59,180858.34
10.5,466948.03,181246.41
10.51,467454.34,181628.22
10.52,467962.25,182014.78
10.53,468465.72,182408.75
10.54,468972.56,182797.09
10.55,469489.47,183187.69
10.56,470002.59,183577.09
10.57,470516.22,183964.02
10.58,471026.12,184353.5
10.59,471536.88,184738.92
10.6,472043.16,185127.14
10.61,472551.75,185513.94
10.62,473057.12,185904.67
10.63,473560.38,186300.89
10.64,474065.53,186690.64
10.65,474567.31,187084.41
10.66,475068.75,187474.55
10.67,475569.31,187865.2
10.68,476068.84,188257.08
10.69,476567.56,188644.66
10.7,477068.19,189032.77
10.71,477578.25,189424.73
10.72,478083.06,189815.45
10.73,478585.47,190207.61
10.74,479084.88,190601.67
10.75,479582.5,190998.56
10.76,480081.97,191395.44
10.77,480577.22,191789.19
10.78,481070.88,192182.98
10.79,481564.25,192578.75
10.8,482059.31,192970.83
10.81,482556.56,193365.59
10.82,483051.56,193759.48
10.83,483545.56,194151.39
10.84,484039.59,194542.2
10.85,484535.69,194933.97
10.86,485028.62,195334.75
10.87,485520.84,195738.45
10.88,486013.12,196138.42
10.89,486505.41,196539.73
10.9,486994.81,196939.44
10.91,487485,197337.59
10.92,487972.06,197735.75
10.93,488459.62,198134.67
10.94,488947.31,198532.55
10.95,489434.81,198929.39
10.96,489919.34,199326.22
10.97,490404.47,199733.17
10.98,490886.91,200148.77
10.99,491375.75,200558.33
11,491857.84,200960.67
11.01,492340.62,201367.06
11.02,492819.84,201768.19
11.03,493302.81,202171.53
11.04,493780.81,202572.2
11.05,494260.25,202978.03
11.06,494735.47,203381.91
11.07,495214.03,203780.94
11.08,495691.88,204189.77
11.09,496165.19,204601.86
11.1,496641.06,205013.45
11.11,497116.88,205419.78
11.12,497595.69,205829.39
11.13,498075.94,206234.72
11.14,498552.91,206641.97
11.15,499030.44,207044.59
11.16,499508.72,207452.08
11.17,499982.97,207858.09
11.18,500457.34,208265.52
11.19,500932.31,208674.42
11.2,501408.41,209088.94
11.21,501910.88,209499.03
11.22,502399.31,209908.11
11.23,502882.78,210318.19
11.24,503362.72,210727.11
11.25,503843.69,211134.5
11.26,504332.12,211542.23
11.27,504817.31,211950.11
11.28,505301.5,212359.95
11.29,505785.97,212768.89
11.3,506269.16,213177.66
11.31,506750.44,213583.97
11.32,507227.06,213995.81
11.33,507703.62,214409.11
11.34,508179.5,214821.58
11.35,508655.84,215237.17
11.36,509128.56,215648.67
11.37,509602.62,216063.06
11.38,510073.09,216472.83
11.39,510543.47,216887.3
11.4,511012.94,217296.58
11.41,511479.78,217706.06
11.42,511948.69,218118.72
11.43,512414.97,218529.86
11.44,512881.03,218941
11.45,513344.84,219358.2
11.46,513806.5,219777.75
11.47,514268.78,220196.66
11.48,514730.41,220612.81
11.49,515192.06,221034.2
11.5,515652.44,221446.3
11.51,516110.62,221863.33
11.52,516570.28,222281.89
11.53,517027.31,222698.73
11.54,517483.34,223111.12
11.55,517940.91,223526.84
11.56,518397.03,223940.81
11.57,518850.75,224382.06
11.58,519304.62,224811.17
11.59,519758.03,225234.23
11.6,520211.91,225656.84
11.61,520664.09,226079.11
11.62,521117.09,226498.23
11.63,521566.94,226920.95
11.64,522020.12,227339.91
11.65,522471.19,227761.11
11.66,522918.84,228182.06
11.67,523370.84,228599.45
11.68,523817.78,229031.38
11.69,524268.97,229460.23
11.7,524715.69,229888.39
11.71,525166.88,230314.56
11.72,525614.06,230740.89
11.73,526060.19,231163.81
11.74,526508.81,231585.89
11.75,526954.31,232008.64
11.76,527400.94,232431.7
11.77,527849.12,232853.62
11.78,528297.06,233276.92
11.79,528746.88,233702.23
11.8,529195.81,234127.58
11.81,529639.94,234556.47
11.82,530091.81,234983.73
11.83,530547.38,235412.22
11.84,530999.19,235838.19
11.85,531448.69,236265.28
11.86,531895.81,236689.2
11.87,532345.31,237117.28
11.88,532798.38,237543.75
11.89,533252.94,237971.5
11.9,533704.62,238395.44
11.91,534153.94,238822
11.92,534603.06,239246.81
11.93,535049.25,239672.86
11.94,535499.31,240095.72
11.95,535947.12,240522.16
11.96,536392.75,240951.8
11.97,536838.88,241380.44
11.98,537283.56,241811.8
11.99,537728.88,242239.55
12,538171.81,242667.98
12.01,538614.56,243100.05
12.02,539058.75,243529.17
12.03,539500.44,243954.5
12.04,539941.94,244384.2
12.05,540380.88,244812.89
12.06,540820.56,245238.62
12.07,541259.81,245664.27
12.08,541697.5,246093.95
12.09,542136.19,246531.88
12.1,542573.56,246969.44
12.11,543012.25,247403.34
12.12,543448.88,247839.19
12.13,543885.06,248269.75
12.14,544320,248702.48
12.15,544757.81,249134.06
12.16,545189.38,249566.48
12.17,545623.56,249999.33
12.18,546058.94,250431.02
12.19,546490.19,250861.8
12.2,546922.75,251294.73
12.21,547354.81,251755.94
12.22,547785.56,252198.55
12.23,548217.94,252640.12
12.24,548647.31,253081.97
12.25,549080.88,253517.88
12.26,549509.06,253957.06
12.27,549938.12,254392.14
12.28,550369.56,254829.19
12.29,550799.75,255265.2
12.3,551228.94,255699.45
12.31,551656.5,256135.47
12.32,552083,256578.45
12.33,552509.62,257021.59
12.34,552937.5,257465.33
12.35,553362.62,257909.84
12.36,553786.19,258353.59
12.37,554210.94,258793.12
12.38,554634.69,259232.39
12.39,555059.12,259673.02
12.4,555488,260112.14
12.41,555914.44,260550.14
12.42,556340.56,260988.86
12.43,556768.25,261429.75
12.44,557190.88,261873.05
12.45,557615.38,262312.53
12.46,558035.88,262752.47
12.47,558456.25,263192.12
12.48,558879.75,263630.5
12.49,559299.06,264073.19
12.5,559716.44,264510.47
12.51,560136.25,264948.59
12.52,560553.75,265394
12.53,560971.31,265837.06
12.54,561386.38,266278.56
12.55,561802.56,266720.94
12.56,562217.44,267160.06
12.57,562641,267602.44
12.58,563078.06,268043.31
12.59,563502.31,268483.78
12.6,563924.88,268923.06
12.61,564344.19,269363.34
12.62,564762.81,269803.12
12.63,565180,270242.38
12.64,565595.31,270685.69
12.65,566008.56,271130.28
12.66,566424.38,271573.72
12.67,566838.31,272018.81
12.68,567252.19,272460.59
12.69,567661.94,272904.31
12.7,568074.31,273349.53
12.71,568488.81,273791.97
12.72,568899.94,274234.59
12.73,569309.31,274677.03
12.74,569719.56,275118.81
12.75,570130.81,275559.25
12.76,570540.56,276000.47
12.77,570948,276445.88
12.78,571357,276900.12
12.79,571761.88,277348.28
12.8,572169,277798.81
12.81,572574.25,278246.5
12.82,572982.25,278696.59
12.83,573387.56,279141.91
12.84,573800.75,279587.56
12.85,574206.31,280036.41
12.86,574615.56,280481.94
12.87,575023.06,280926.38
12.88,575431.81,281372.62
12.89,575838.19,281816.47
12.9,576243.12,282286.62
12.91,576645.31,282747.25
12.92,577053.31,283207.53
12.93,577456.44,283662.44
12.94,577864.12,284113.66
12.95,578272.56,284568.44
12.96,578676.69,285021.62
12.97,579081.25,285470.56
12.98,579488.25,285921.59
12.99,579889.06,286371
13,580290.19,286821.38
13.01,580693.12,287273.94
13.02,581093,287732.94
13.03,581494.88,288191.19
13.04,581893.38,288647.16
13.05,582289.69,289100.19
13.06,582691,289552.41
13.07,583087.12,290003.59
13.08,583482.75,290454.78
13.09,583880.44,290907.56
13.1,584276.19,291358.5
13.11,584671.75,291808.06
13.12,585065.38,292264
13.13,585459.94,292718.44
13.14,585854.69,293173.62
13.15,586251,293629.31
13.16,586640.88,294084.97
13.17,587033.19,294535.12
13.18,587424.69,294988.88
13.19,587818.94,295438.38
13.2,588211.12,295889.12
13.21,588601.56,296340.12
13.22,589000.75,296790.12
13.23,589399.81,297245.16
13.24,589796.25,297697.19
13.25,590194.06,298151.19
13.26,590590.31,298606.44
13.27,590985.12,299058.62
13.28,591377.5,299511.72
13.29,591771.81,299964.09
13.3,592161.25,300418.31
13.31,592553.56,300870.34
13.32,592940.75,301323.69
13.33,593331.94,301777.41
13.34,593723.88,302227.94
13.35,594108.31,302681.34
13.36,594497.69,303130.28
13.37,594882.81,303581.56
13.38,595267,304033.66
13.39,595653.38,304487.88
13.4,596038.06,304942.44
13.41,596419.5,305400.84
13.42,596805.88,305857.25
13.43,597189.19,306311.91
13.44,597573.31,306765.44
13.45,597959.12,307221.75
13.46,598341.44,307677.84
13.47,598724.44,308128.34
13.48,599107.06,308583.5
13.49,599488.12,309036.69
13.5,599869.94,309488.03
13.51,600252.44,309941.69
13.52,600634,310391.28
13.53,601014.56,310853.97
13.54,601396.06,311317.38
13.55,601775.94,311780.06
13.56,602155.69,312242.47
13.57,602531.31,312702.34
13.58,602911.56,313161.84
13.59,603288.94,313620.19
13.6,603665.94,314078.88
13.61,604042.88,314537.59
13.62,604417.88,314997.47
13.63,604801.88,315453.41
13.64,605187.25,315914.25
13.65,605568.06,316371.78
13.66,605948.56,316855.91
13.67,606330.06,317327.31
13.68,606708.56,317794.38
13.69,607083.56,318260.03
13.7,607461.5,318720.91
13.71,607837.38,319183.28
13.72,608215.44,319646.25
13.73,608588.44,320106.12
13.74,608962,320567.09
13.75,609336.62,321026.56
13.76,609708.19,321486.88
13.77,610078.88,321949.25
13.78,610452.31,322420.31
13.79,610822.62,322888.91
13.8,611192.06,323354.88
13.81,611565.56,323819.5
13.82,611938.25,324282.66
13.83,612311.81,324744.53
13.84,612686.81,325205.81
13.85,613058.94,325667.03
13.86,613430.62,326124.78
13.87,613799.81,326581.84
13.88,614174.31,327043.62
13.89,614544.06,327507.97
13.9,614913.56,327971.97
13.91,615283.88,328435.31
13.92,615654.62,328896.47
13.93,616022.75,329358.47
13.94,616394.19,329820.09
13.95,616762,330280.09
13.96,617130.44,330742.91
13.97,617497.19,331200.28
13.98,617863.31,331662.16
13.99,618230.25,332123.06
14,618592.88,332584.09
14.01,618959.06,333044.84
14.02,619321.62,333506.28
14.03,619687.56,333965.75
14.04,620051.38,334423.5
14.05,620411.31,334881.59
14.06,620774.12,335341.56
14.07,621138.94,335800.06
14.08,621497.56,336262.81
14.09,621858.5,336726.34
14.1,622219,337188.88
14.11,622580.31,337648
14.12,622938.31,338110.34
14.13,623295,338569
14.14,623654.31,339030.31
14.15,624011.62,339489.38
14.16,624369.69,339951
14.17,624726.56,340409.91
14.18,625084.44,340868.66
14.19,625439.25,341327.72
14.2,625796.44,341786.53
14.21,626151.44,342244.84
14.22,626505.69,342703
14.23,626860.12,343167.06
14.24,627212.88,343631.38
14.25,627566.81,344095.44
14.26,627917.62,344556.97
14.27,628269.81,345020.94
14.28,628624.06,345482.78
14.29,628976.31,345945.16
14.3,629330.38,346407.56
14.31,629684.62,346869.66
14.32,630037.44,347330.94
14.33,630393,347791.12
14.34,630745.81,348253.12
14.35,631100.06,348713.5
14.36,631474.19,349179
14.37,631843.12,349652.22
14.38,632205.81,350123.59
14.39,632568.56,350592.94
14.4,632928.69,351058.91
14.41,633288.44,351526.94
14.42,633646,351993.94
14.43,634004.25,352461.03
14.44,634361.06,352926.53
14.45,634716.94,353391.22
14.46,635071.62,353855.09
14.47,635422.69,354321.28
14.48,635778.19,354784.31
14.49,636130.19,355271.56
14.5,636483.44,355751.56
14.51,636833.19,356225.88
14.52,637184.62,356697.56
14.53,637533.88,357166.94
14.54,637883.75,357636.09
14.55,638231.38,358103.16
14.56,638580.81,358571.66
14.57,638928.38,359036.34
14.58,639276.25,359502.06
14.59,639621.12,359966.75
14.6,639967.69,360429.81
14.61,640312.19,360902.97
14.62,640656.31,361375.75
14.63,641004.38,361849.53
14.64,641347.31,362315.88
14.65,641690.62,362784.69
14.66,642033.88,363252.53
14.67,642375.88,363717.19
14.68,642715.88,364183.78
14.69,643060.06,364649.94
14.7,643402.75,365113.28
14.71,643740.25,365577.56
14.72,644083.69,366044.53
14.73,644420.81,366512.62
14.74,644761.19,366983.09
14.75,645101.19,367447.31
14.76,645440.12,367913.91
14.77,645778.88,368377.12
14.78,646116.56,368840.34
14.79,646455.69,369303.03
14.8,646793.19,369764.94
14.81,647128.44,370226.94
14.82,647467.31,370693.62
14.83,647802.25,371155.53
14.84,648138.5,371620.66
14.85,648474.38,372086.38
14.86,648811.56,372550.84
14.87,649148.12,373016.09
14.88,649485.62,373479.09
14.89,649821,373943.31
14.9,650154.06,374406.03
14.91,650491.44,374869.84
14.92,650829,375334.38
14.93,651160.25,375796.69
14.94,651495.56,376256.75
14.95,651829.56,376719.75
14.96,652163.56,377181.41
14.97,652496.81,377641.91
14.98,652828.31,378103.38
14.99,653159.69,378564.47
